<?xml version="1.0" encoding="UTF-8"?>
<!--
To change this license header, choose License Headers in Project Properties.
To change this template file, choose Tools | Templates
and open the template in the editor.
-->


<beans xmlns="http://www.springframework.org/schema/beans"
       xmlns:context="http://www.springframework.org/schema/context"
       xmlns:xsi="http://www.w3.org/2001/XMLSchema-instance"
       xsi:schemaLocation="
            http://www.springframework.org/schema/beans
            http://www.springframework.org/schema/beans/spring-beans.xsd
             http://www.springframework.org/schema/context
            http://www.springframework.org/schema/context/spring-context-3.0.xsd
            ">

    <import resource="classpath:datasource-config.xml"/>
    <context:annotation-config/>
    <context:component-scan base-package="com.bulletinspace.bulletindao"/>

    <bean id="EmployeeDao" class="com.bulletinspace.bulletindao.EmployeeDao">
        <property name="jdbcTemplate" ref="jdbcTemplate"></property>
    </bean>

    <bean id="jdbcTemplate" class="org.springframework.jdbc.core.JdbcTemplate">
        <property name="dataSource" ref="employees"></property>
    </bean>

</beans>
